index,filename,viewpoint,species,shown_at_iso
1,oth_vvel2_1415_jpg.rf.82b140939b01ae29fc03f3523190c93e.jpg,oth,vve,2026-03-28T16:21:33.836Z
2,sid_NULL_1491_jpg.rf.b71393a82e12e4818aa6f9ab96c28c44.jpg,sid,NUL,2026-03-28T16:21:37.848Z
3,top_vvel2_0052_jpg.rf.494cc5e19a9c0e8efd24c84305a2fa91.jpg,top,vve,2026-03-28T16:21:41.867Z
4,top_vcra1_2262_jpg.rf.66a100a6bcf10a9f94a651d26a4dcd97.jpg,top,vcr,2026-03-28T16:21:45.884Z
5,top_vespsp2_5751_jpg.rf.2f3c650787659405a2f337b014e95602.jpg,top,ves,2026-03-28T16:21:49.899Z
6,top_vcra2_3246_jpg.rf.752f908bbca348dc40172eaf6613f144.jpg,top,vcr,2026-03-28T16:21:53.921Z
7,top_amel2_1598_jpg.rf.c4a90826a5f9aa5a2418c45462704bf0.jpg,top,ame,2026-03-28T16:21:57.936Z
8,oth_vvel2_2642_jpg.rf.907276ecc8f317156b4f26e54172eaa1.jpg,oth,vve,2026-03-28T16:22:01.954Z
9,oth_vespsp2_0688_jpg.rf.c261078e19d68a6a011475dbdeae38d9.jpg,oth,ves,2026-03-28T16:22:05.973Z
10,sid_vvel2_4022_jpg.rf.c6ee2a5100f50d02124bc1a9493021e8.jpg,sid,vve,2026-03-28T16:22:09.981Z
11,sid_vcra2_1191_jpg.rf.34d86079ff7ebe957ee8986350e9dfce.jpg,sid,vcr,2026-03-28T16:22:14.010Z
12,oth_vcra2_5852_jpg.rf.ec9c50a2a5b00d722b490172a80b09c2.jpg,oth,vcr,2026-03-28T16:22:18.019Z
13,oth_vvel2_3685_jpg.rf.1b5d173726099966a47c80dcc37a9b33.jpg,oth,vve,2026-03-28T16:22:22.027Z
14,top_vvel2_4601_jpg.rf.eccfbdf96cdd6e7a08d268d6b76a6664.jpg,top,vve,2026-03-28T16:22:26.036Z
15,oth_vvel1_2503_jpg.rf.8776d94ff7061ba43b91a0c190c7c269.jpg,oth,vve,2026-03-28T16:22:30.043Z
16,top_vvel1_1222_jpg.rf.5c0b73feadb3c6a7285e4f62953b5bc2.jpg,top,vve,2026-03-28T16:22:34.049Z
17,top_vcra2_4993_jpg.rf.1749e3f9c6ba7d91a5d8c6faff59d937.jpg,top,vcr,2026-03-28T16:22:38.067Z
18,sid_vvel2_4971_jpg.rf.f605f9ce04fb230a355e188490407b9f.jpg,sid,vve,2026-03-28T16:22:42.078Z
19,top_NULL_1189_jpg.rf.6fb152c3e8032c2755cd5d5adf305d9c.jpg,top,NUL,2026-03-28T16:22:46.085Z
20,top_vcra2_5417_jpg.rf.f529ebec88e3ecfa35109b56ae0f1837.jpg,top,vcr,2026-03-28T16:22:50.094Z
